tag,config,label_pct,seed,best_epoch,val_macro_f1,val_accuracy,test_macro_f1,test_accuracy,f1_animal,f1_vehicle,prec_animal,rec_animal,prec_vehicle,rec_vehicle,train_seconds,inference_params,training_params
E1_L10_s42,E1,10,42,98,0.93936,0.9418,0.935924,0.9385,0.948771,0.923077,0.948376,0.949167,0.923655,0.9225,340.2,11169858,11169858
E1_L10_s43,E1,10,43,70,0.934529,0.9374,0.930515,0.9337,0.945392,0.915638,0.934538,0.9565,0.932366,0.8995,342.41,11169858,11169858
E1_L10_s44,E1,10,44,76,0.929416,0.9324,0.929374,0.9324,0.943993,0.914754,0.93855,0.9495,0.922901,0.90675,349.66,11169858,11169858
E1_L20_s42,E1,20,42,100,0.954892,0.9566,0.951609,0.9535,0.961176,0.942042,0.963025,0.959333,0.939349,0.94475,553.24,11169858,11169858
E1_L20_s43,E1,20,43,97,0.951184,0.9532,0.951303,0.9533,0.961164,0.941442,0.95917,0.963167,0.944403,0.9385,567.97,11169858,11169858
E1_L20_s44,E1,20,44,100,0.947075,0.9492,0.946182,0.9484,0.957107,0.935257,0.954726,0.9595,0.938791,0.93175,552.54,11169858,11169858
E1_L50_s42,E1,50,42,97,0.970422,0.9716,0.96947,0.9707,0.975598,0.963343,0.975029,0.976167,0.964187,0.9625,1213.05,11169858,11169858
E1_L50_s43,E1,50,43,100,0.971629,0.9728,0.970158,0.9714,0.976246,0.96407,0.973013,0.9795,0.968939,0.95925,1141.35,11169858,11169858
E1_L50_s44,E1,50,44,79,0.970357,0.9716,0.96727,0.9686,0.973868,0.960671,0.972573,0.975167,0.9626,0.95875,1141.89,11169858,11169858
E2-L_L10_s42,E2-L,10,42,90,0.940099,0.9424,0.93286,0.9355,0.946174,0.919546,0.947518,0.944833,0.9176,0.9215,576.05,11169858,11171910
E2-L_L10_s43,E2-L,10,43,88,0.932209,0.9346,0.92788,0.9306,0.941886,0.913874,0.946483,0.937333,0.907344,0.9205,574.37,11169858,11171910
E2-L_L10_s44,E2-L,10,44,67,0.932758,0.9356,0.933158,0.936,0.946941,0.919375,0.942098,0.951833,0.926612,0.91225,576.23,11169858,11171910
E2-L_L20_s42,E2-L,20,42,91,0.951636,0.9534,0.951895,0.9537,0.961213,0.942577,0.966313,0.956167,0.93527,0.95,1007.36,11169858,11171910
E2-L_L20_s43,E2-L,20,43,85,0.954439,0.9562,0.952193,0.954,0.961487,0.9429,0.966016,0.957,0.936391,0.9495,1027.14,11169858,11171910
E2-L_L20_s44,E2-L,20,44,90,0.949711,0.9518,0.947452,0.9496,0.958077,0.936826,0.956327,0.959833,0.939417,0.93425,1046.02,11169858,11171910
E2-L_L50_s42,E2-L,50,42,85,0.976079,0.977,0.973883,0.9749,0.979036,0.968731,0.981249,0.976833,0.965483,0.972,2330.9,11169858,11171910
E2-L_L50_s43,E2-L,50,43,89,0.977902,0.9788,0.976476,0.9774,0.981138,0.971813,0.982615,0.979667,0.969637,0.974,2310.0,11169858,11171910
E2-L_L50_s44,E2-L,50,44,83,0.973132,0.9742,0.973171,0.9742,0.978424,0.967918,0.981873,0.975,0.96289,0.973,2326.18,11169858,11171910
E2_L10_s42,E2,10,42,85,0.954621,0.9564,0.951013,0.953,0.960879,0.941147,0.959761,0.962,0.9428,0.9395,578.21,11169858,11171910
E2_L10_s43,E2,10,43,79,0.948546,0.9506,0.94499,0.9473,0.956262,0.933719,0.952389,0.960167,0.939509,0.928,578.72,11169858,11171910
E2_L10_s44,E2,10,44,78,0.943247,0.9456,0.945093,0.9474,0.956349,0.933836,0.952397,0.960333,0.939747,0.928,579.33,11169858,11171910
E2_L20_s42,E2,20,42,88,0.966284,0.9676,0.966832,0.9681,0.973317,0.960348,0.976994,0.969667,0.955006,0.96575,1014.25,11169858,11171910
E2_L20_s43,E2,20,43,82,0.966867,0.9682,0.964484,0.9659,0.971576,0.957391,0.971819,0.971333,0.957032,0.95775,1014.02,11169858,11171910
E2_L20_s44,E2,20,44,81,0.962755,0.9642,0.957863,0.9594,0.965911,0.949815,0.973266,0.958667,0.939364,0.9605,1013.29,11169858,11171910
E2_L50_s42,E2,50,42,81,0.97938,0.9802,0.978339,0.9792,0.982658,0.974019,0.98315,0.982167,0.97329,0.97475,2324.51,11169858,11171910
E2_L50_s43,E2,50,43,100,0.982698,0.9834,0.979587,0.9804,0.983661,0.975512,0.983989,0.983333,0.975025,0.976,2320.39,11169858,11171910
E2_L50_s44,E2,50,44,91,0.975631,0.9766,0.975259,0.9762,0.980084,0.970435,0.984202,0.976,0.964444,0.9765,2322.12,11169858,11171910
